births,preterm,low_birthweight,low_apgar,singleton,c_section
334916,0.08914823162029638,0.0828985147599101,0.054684696850716946,0.9605680238054785,0.33872086370716525
